id,stageId,kanji,grade,questionType,question,choice1,choice2,choice3,choice4,correctAnswer,explanation
s1-q001,1,一,1,reading,「一人」の「一」の読み方を選びなさい。,ひと,いち,かず,ひとつ,0,一は「いち」「ひと（つ）」と読みます
s1-q002,1,右,1,reading,「右」の読み方を選びなさい。,みぎ,ひだり,うえ,した,0,右は「みぎ」と読みます
s1-q003,1,雨,1,reading,「雨」の読み方を選びなさい。,あめ,うめ,あま,ゆき,0,雨は「あめ」と読みます
s1-q004,1,円,1,reading,「円」の読み方を選びなさい。,えん,まる,わ,きん,0,円は「えん」「まる」と読みます
s1-q005,1,王,1,reading,「王」の読み方を選びなさい。,おう,きみ,きん,しゅ,0,王は「おう」と読みます
s1-q006,1,音,1,reading,「音楽」の「音」の読み方を選びなさい。,おん,おと,ね,いん,0,音は「おと」「ね」と読みます
s1-q007,1,下手,1,reading,「下手」の「下」の読み方を選びなさい。,した,か,うえ,なか,0,下は「した」「か」「くだ（る）」と読みます
s1-q008,1,火,1,reading,「火事」の「火」の読み方を選びなさい。,か,ひ,ほ,び,0,火は「ひ」「か」と読みます
s1-q009,1,花,1,reading,「花」の読み方を選びなさい。,はな,か,ばな,くさ,0,花は「はな」と読みます
s1-q010,1,貝,1,reading,「貝」の読み方を選びなさい。,かい,がい,ばい,から,0,貝は「かい」と読みます
s1-q011,1,学,1,reading,「学」の読み方を選びなさい。,がく,がっ,まな,べん,0,学は「がく」「まな（ぶ）」と読みます
s1-q012,1,気,1,reading,「気」の読み方を選びなさい。,き,け,いき,あめ,0,気は「き」「け」と読みます
s1-q013,1,九,1,reading,「九月」の「九」の読み方を選びなさい。,く,きゅう,ここの,きゅ,0,九は「きゅう」「く」「ここの（つ）」と読みます
s1-q014,1,休,1,reading,「休」の読み方を選びなさい。,きゅう,やす,いこ,ねむ,0,休は「きゅう」「やす（む）」と読みます
s1-q015,1,玉,1,reading,「玉」の読み方を選びなさい。,たま,ぎょく,きん,おう,0,玉は「たま」「ぎょく」と読みます
s1-q016,1,金曜日,1,reading,「金曜日」の「金」の読み方を選びなさい。,きん,かね,がね,ぎん,0,金は「きん」「かね」と読みます
s1-q017,1,空,1,reading,「空」の読み方を選びなさい。,そら,くう,あ,から,0,空は「そら」「くう」「あ（く）」と読みます
s1-q018,1,月,1,reading,「正月」の「月」の読み方を選びなさい。,がつ,つき,げつ,づき,0,月は「つき」「がつ」「げつ」と読みます
s1-q019,1,犬,1,reading,「犬」の読み方を選びなさい。,いぬ,けん,ねこ,とり,0,犬は「いぬ」「けん」と読みます
s1-q020,1,見,1,reading,「見」の読み方を選びなさい。,み,けん,め,しょう,0,見は「み（る）」「けん」と読みます
s1-q021,1,火,1,bushu,「火」の部首の名前を選びなさい。,ひ,れっか,ひへん,か,0,火の部首は「ひ」です
s1-q022,1,花,1,bushu,「花」の部首の名前を選びなさい。,くさかんむり,はなへん,そうこう,きへん,0,花の部首は「くさかんむり」です
s1-q023,1,学,1,bushu,「学」の部首の名前を選びなさい。,うかんむり,まなび,がく,こ,0,学の部首は「うかんむり」です
s1-q024,1,休,1,bushu,「休」の部首の名前を選びなさい。,にんべん,ぎょうにんべん,ひと,き,0,休の部首は「にんべん」です
s1-q025,1,金,1,bushu,「金」の部首の名前を選びなさい。,かね,かねへん,きんへん,こがね,0,金の部首は「かね」です
s1-q026,1,犬,1,bushu,「犬」の部首の名前を選びなさい。,いぬ,けものへん,けん,どうぶつ,0,犬の部首は「いぬ」です
s1-q027,1,子,1,bushu,「子」の部首の名前を選びなさい。,こ,こへん,し,め,0,子の部首は「こ」です
s1-q028,1,山,1,bushu,「山」の部首の名前を選びなさい。,やま,やまへん,やまかんむり,さん,0,山の部首は「やま」です
s1-q029,1,下,1,okurigana,階段を下（　）の送り仮名を選びなさい。,さい,りる,ろす,げる,0,「下さい」の送り仮名は「さい」です
s1-q030,1,空,1,okurigana,空（　）色の送り仮名を選びなさい。,く,ける,き,かす,0,「空く」の送り仮名は「く」です
s1-q031,1,休,1,okurigana,学校を休（　）の送り仮名を選びなさい。,む,める,まる,みる,0,「休む」の送り仮名は「む」です
s1-q032,1,見,1,okurigana,空を見（　）の送り仮名を選びなさい。,る,える,せる,られる,0,「見る」の送り仮名は「る」です
s1-q033,1,出,1,okurigana,外に出（　）の送り仮名を選びなさい。,る,す,て,で,0,「出る」の送り仮名は「る」です
s1-q034,1,入,1,okurigana,部屋に入（　）の送り仮名を選びなさい。,る,れる,り,らない,0,「入る」の送り仮名は「る」です
s1-q035,1,上下,1,antonym,「上」の対義語を選びなさい。,下,右,左,前,0,上の反対は下です
s1-q036,1,左右,1,antonym,「左」の対義語を選びなさい。,右,下,上,前,0,左の反対は右です
s1-q037,1,入出,1,antonym,「入」の対義語を選びなさい。,出,上,下,来,0,入の反対は出です
s1-q038,1,女男,1,antonym,「女」の対義語を選びなさい。,男,子,母,父,0,女の反対は男です
s1-q039,1,した,1,homophone,「した」と読む漢字を選びなさい。文の意味に合うものを選びなさい。「（　）に置く。」,下,舌,死た,師た,0,置く場所は「下」です
s1-q040,1,いと,1,homophone,「いと」と読む漢字を選びなさい。文の意味に合うものを選びなさい。「（　）を通す。」,糸,意図,従,愛,0,通すのは「糸」です
s1-q041,1,みみ,1,homophone,「みみ」と読む漢字を選びなさい。文の意味に合うものを選びなさい。「（　）が痛い。」,耳,身身,実実,見見,0,痛いのは「耳」です
s1-q042,1,くち,1,homophone,「くち」と読む漢字を選びなさい。文の意味に合うものを選びなさい。「（　）を開ける。」,口,九千,朽ち,句知,0,開けるのは「口」です
s1-q043,1,学,1,compound,「学（　）」に入る漢字を選んで二字熟語を完成させなさい。,校,休,気,見,0,学校が正解です
s1-q044,1,見,1,compound,「見（　）」に入る漢字を選んで二字熟語を完成させなさい。,学,休,気,王,0,見学が正解です
s1-q045,1,小,1,compound,「小（　）」に入る漢字を選んで二字熟語を完成させなさい。,学,校,休,気,0,小学が正解です
s1-q046,1,森,1,compound,「森（　）」に入る漢字を選んで二字熟語を完成させなさい。,林,木,山,川,0,森林が正解です
s1-q047,1,五,1,writing,数字の「5」を漢字で書いたものを選びなさい。,五,伍,呉,吾,0,五が正解です
s1-q048,1,三,1,writing,数字の「3」を漢字で書いたものを選びなさい。,三,弐,惨,傘,0,三が正解です
s1-q049,1,四,1,writing,数字の「4」を漢字で書いたものを選びなさい。,四,肆,泗,伺,0,四が正解です
s1-q050,1,しち,1,writing,「しち」を漢字で書いたものを選びなさい。,七,質,失,十,0,七が正解です
s1-q051,1,十,1,writing,数字の「10」を漢字で書いたものを選びなさい。,十,拾,什,汁,0,十が正解です
s1-q052,1,くるま,1,writing,「くるま」を漢字で書いたものを選びなさい。,車,来,軍,庫,0,車が正解です
s1-q053,1,て,1,writing,「て」を漢字で書いたものを選びなさい。,手,出,毛,目,0,手が正解です
s1-q054,1,じ,1,writing,「じ」を漢字で書いたものを選びなさい。,字,寺,時,自,0,字が正解です
s1-q055,1,上手,1,reading,「上手」の読み方を選びなさい。,じょうず,うわて,かみて,うえて,0,上手は「じょうず」と読みます
s1-q056,1,女,1,reading,「女」の読み方を選びなさい。,おんな,じょ,め,むすめ,0,女は「おんな」「じょ」と読みます
s1-q057,1,小,1,reading,「小」の読み方を選びなさい。,しょう,ちい,こ,ちゃ,0,小は「しょう」「ちい（さい）」「こ」と読みます
s1-q058,1,左,1,reading,「左」の読み方を選びなさい。,ひだり,さ,みぎ,した,0,左は「ひだり」「さ」と読みます
s1-q059,1,こう,1,writing,「こう」を漢字で書いたものを選びなさい。,校,工,交,高,0,校が正解です
s1-q060,1,もり,1,writing,「もり」を漢字で書いたものを選びなさい。,森,林,木,村,0,森が正解です
s2-q001,2,日,1,reading,「日曜日」の最初の「日」の読み方を選びなさい。,にち,ひ,び,じつ,0,日は「ひ」「にち」「か」と読みます
s2-q002,2,入,1,reading,「入学」の「入」の読み方を選びなさい。,にゅう,い,はい,じゅ,0,入は「にゅう」「い（る）」「はい（る）」と読みます
s2-q003,2,年,1,reading,「一年」の「年」の読み方を選びなさい。,ねん,とし,どし,ね,0,年は「ねん」「とし」と読みます
s2-q004,2,白,1,reading,「白鳥」の「白」の読み方を選びなさい。,はく,しろ,びゃく,ぱく,0,白は「しろ」「はく」「びゃく」と読みます
s2-q005,2,八,1,reading,「八月」の「八」の読み方を選びなさい。,はち,や,やっ,ぱち,0,八は「はち」「や（っつ）」と読みます
s2-q006,2,百,1,reading,「百円」の「百」の読み方を選びなさい。,ひゃく,びゃく,もも,ぴゃく,0,百は「ひゃく」「びゃく」と読みます
s2-q007,2,文,1,reading,「文字」の「文」の読み方を選びなさい。,もん,ぶん,ふみ,ぶみ,0,文は「ぶん」「もん」「ふみ」と読みます
s2-q008,2,木,1,reading,「木曜日」の「木」の読み方を選びなさい。,もく,き,ぼく,こ,0,木は「き」「もく」「ぼく」と読みます
s2-q009,2,本,1,reading,「本屋」の「本」の読み方を選びなさい。,ほん,もと,ぼん,ぽん,0,本は「ほん」「もと」と読みます
s2-q010,2,名,1,reading,「名前」の「名」の読み方を選びなさい。,な,めい,みょう,みゃ,0,名は「めい」「みょう」「な」と読みます
s2-q011,2,目,1,reading,「目玉」の「目」の読み方を選びなさい。,め,もく,ぼく,ま,0,目は「め」「もく」と読みます
s2-q012,2,立,1,reading,「立春」の「立」の読み方を選びなさい。,りっ,りつ,りゅう,た,0,立は「りつ」「りゅう」「た（つ）」と読みます
s2-q013,2,力,1,reading,「力士」の「力」の読み方を選びなさい。,りき,ちから,りょく,ぢから,0,力は「ちから」「りょく」「りき」と読みます
s2-q014,2,林,1,reading,「林業」の「林」の読み方を選びなさい。,りん,はやし,ばやし,もり,0,林は「りん」「はやし」と読みます
s2-q015,2,六,1,reading,「六月」の「六」の読み方を選びなさい。,ろく,りく,む,むっ,0,六は「ろく」「む（っつ）」と読みます
s2-q016,2,引,2,reading,「引力」の「引」の読み方を選びなさい。,いん,ひ,ひき,び,0,引は「ひ（く）」「いん」と読みます
s2-q017,2,羽,2,reading,「羽根」の「羽」の読み方を選びなさい。,は,はね,う,わ,0,羽は「はね」「う」「わ」と読みます
s2-q018,2,雲,2,reading,「雲海」の「雲」の読み方を選びなさい。,うん,くも,ぐも,そら,0,雲は「くも」「うん」と読みます
s2-q019,2,園,2,reading,「公園」の「園」の読み方を選びなさい。,えん,その,おん,にわ,0,園は「えん」「その」と読みます
s2-q020,2,遠,2,reading,「遠足」の「遠」の読み方を選びなさい。,えん,とお,おん,ちか,0,遠は「とお（い）」「えん」「おん」と読みます
s2-q021,2,日,1,bushu,「日」の部首の名前を選びなさい。,ひ,にち,ひへん,にちへん,0,日の部首は「ひ」です
s2-q022,2,木,1,bushu,「木」の部首の名前を選びなさい。,き,きへん,もく,ぼく,0,木の部首は「き」です
s2-q023,2,林,1,bushu,「林」の部首の名前を選びなさい。,き,きへん,もく,はやし,0,林の部首は「き」です
s2-q024,2,力,1,bushu,「力」の部首の名前を選びなさい。,ちから,りき,りょく,ちからづくり,0,力の部首は「ちから」です
s2-q025,2,羽,2,bushu,「羽」の部首の名前を選びなさい。,はね,う,わ,とり,0,羽の部首は「はね」です
s2-q026,2,引,2,bushu,「引」の部首の名前を選びなさい。,ゆみ,ゆみへん,ひ,いん,0,引の部首は「ゆみ」です
s2-q027,2,夏,2,bushu,「夏」の部首の名前を選びなさい。,ふゆがしら,なつ,か,げ,0,夏の部首は「ふゆがしら」です
s2-q028,2,何,2,bushu,「何」の部首の名前を選びなさい。,にんべん,ひと,なに,か,0,何の部首は「にんべん」です
s2-q029,2,立,1,okurigana,その場に立（　）の送り仮名を選びなさい。,つ,てる,ち,たす,0,「立つ」の送り仮名は「つ」です
s2-q030,2,入,1,okurigana,部屋に入（　）の送り仮名を選びなさい。,る,れる,り,らない,0,「入る」の送り仮名は「る」です
s2-q031,2,引,2,okurigana,線を引（　）の送り仮名を選びなさい。,く,ける,かす,きる,0,「引く」の送り仮名は「く」です
s2-q032,2,遠,2,okurigana,遠（　）道の送り仮名を選びなさい。,い,く,さ,ざかる,0,「遠い」の送り仮名は「い」です
s2-q033,2,強,2,okurigana,力が強（　）の送り仮名を選びなさい。,い,まる,める,さ,0,「強い」の送り仮名は「い」です
s2-q034,2,近,2,okurigana,家が近（　）の送り仮名を選びなさい。,い,く,づく,さ,0,「近い」の送り仮名は「い」です
s2-q035,2,白黒,1,antonym,「白」の対義語を選びなさい。,黒,赤,青,黄,0,白の反対は黒です
s2-q036,2,入出,1,antonym,「入」の対義語を選びなさい。,出,来,行,帰,0,入の反対は出です
s2-q037,2,古今,2,antonym,「古」の対義語を選びなさい。,今,新,若,近,0,古の反対は今です
s2-q038,2,強弱,2,antonym,「強」の対義語を選びなさい。,弱,軽,柔,小,0,強の反対は弱です
s2-q039,2,遠近,2,antonym,「遠」の対義語を選びなさい。,近,速,手,側,0,遠の反対は近です
s2-q040,2,内外,2,antonym,「内」の対義語を選びなさい。,外,表,上,前,0,内の反対は外です
s2-q041,2,め,1,homophone,「め」と読む漢字を選びなさい。文の意味に合うものを選びなさい。「（　）が覚める。」,目,芽,女,馬,0,覚めるのは「目」です
s2-q042,2,ぶん,1,homophone,「ぶん」と読む漢字を選びなさい。文の意味に合うものを選びなさい。「（　）を書く。」,文,聞,分,紋,0,書くのは「文」です
s2-q043,2,うた,2,homophone,「うた」と読む漢字を選びなさい。文の意味に合うものを選びなさい。「（　）を歌う。」,歌,唄,詩,謡,0,歌うのは「歌」です
s2-q044,2,え,2,homophone,「え」と読む漢字を選びなさい。文の意味に合うものを選びなさい。「（　）を描く。」,絵,画,江,得,0,描くのは「絵」です
s2-q045,2,かお,2,homophone,「かお」と読む漢字を選びなさい。文の意味に合うものを選びなさい。「（　）を洗う。」,顔,貌,香尾,科緒,0,洗うのは「顔」です
s2-q046,2,かい,2,homophone,「回数」の「かい」を漢字で書いたものを選びなさい。,回,階,界,械,0,回数は「回」です
s2-q047,2,ほん,1,compound,「本（　）」に入る漢字を選んで二字熟語を完成させなさい。,名,文,日,目,0,本名が正解です
s2-q048,2,六,1,compound,「六（　）」に入る漢字を選んで二字熟語を完成させなさい。,年,日,月,白,0,六年が正解です
s2-q049,2,家,2,compound,「家（　）」に入る漢字を選んで二字熟語を完成させなさい。,族,庭,人,兄,0,家族が正解です
s2-q050,2,科,2,compound,「科（　）」に入る漢字を選んで二字熟語を完成させなさい。,学,目,技,理,0,科学が正解です
s2-q051,2,なに,2,writing,「なに」を漢字で書いたものを選びなさい。,何,河,荷,夏,0,何が正解です
s2-q052,2,か,2,writing,「か」を漢字で書いたものを選びなさい。,科,課,家,花,0,科が正解です
s2-q053,2,なつ,2,writing,「なつ」を漢字で書いたものを選びなさい。,夏,菜,名,納,0,夏が正解です
s2-q054,2,いえ,2,writing,「いえ」を漢字で書いたものを選びなさい。,家,屋,舎,宅,0,家が正解です
s2-q055,2,うた,2,writing,「うた」を漢字で書いたものを選びなさい。,歌,唄,詩,謡,0,歌が正解です
s2-q056,2,が,2,writing,「が」を漢字で書いたものを選びなさい。,画,絵,描,図,0,画が正解です
s2-q057,2,かい,2,writing,「回転」の「かい」を漢字で書いたものを選びなさい。,回,階,界,械,0,回が正解です
s2-q058,2,かい,2,writing,「会社」の「かい」を漢字で書いたものを選びなさい。,会,階,界,械,0,会が正解です
s2-q059,2,うみ,2,writing,「うみ」を漢字で書いたものを選びなさい。,海,膿,産,波,0,海が正解です
s2-q060,2,え,2,writing,「絵本」の「え」を漢字で書いたものを選びなさい。,絵,会,恵,江,0,絵が正解です
s2-q061,2,そと,2,writing,「そと」を漢字で書いたものを選びなさい。,外,他,表,出,0,外が正解です
s2-q062,2,かど,2,writing,「かど」を漢字で書いたものを選びなさい。,角,門,隅,端,0,角が正解です
s2-q063,2,らく,2,writing,「らく」を漢字で書いたものを選びなさい。,楽,洛,落,絡,0,楽が正解です
s2-q064,2,かつ,2,writing,「かつ」を漢字で書いたものを選びなさい。,活,括,渇,割,0,活が正解です
s3-q001,3,光,2,reading,「光」の読み方を選びなさい。,ひかり,こう,みつ,あかり,0,光は「ひかり」「こう」と読みます
s3-q002,3,考,2,reading,「考」の読み方を選びなさい。,かんが,こう,かえ,おも,0,考は「かんが（える）」「こう」と読みます
s3-q003,3,行,2,reading,「行」の読み方を選びなさい。,い,こう,ぎょう,ゆ,0,行は「い（く）」「こう」「ぎょう」「ゆ（く）」と読みます
s3-q004,3,高,2,reading,「高」の読み方を選びなさい。,たか,こう,だか,ひく,0,高は「たか（い）」「こう」と読みます
s3-q005,3,黄,2,reading,「黄」の読み方を選びなさい。,き,こう,おう,あか,0,黄は「き」「こう」「おう」と読みます
s3-q006,3,合,2,reading,「合」の読み方を選びなさい。,あ,ごう,がっ,かっ,0,合は「あ（う）」「ごう」「がっ」と読みます
s3-q007,3,谷,2,reading,「谷」の読み方を選びなさい。,たに,こく,や,さわ,0,谷は「たに」「こく」と読みます
s3-q008,3,国,2,reading,「国」の読み方を選びなさい。,くに,こく,ごく,かた,0,国は「くに」「こく」と読みます
s3-q009,3,黒,2,reading,「黒」の読み方を選びなさい。,くろ,こく,ぐろ,しろ,0,黒は「くろ」「こく」と読みます
s3-q010,3,今,2,reading,「今」の読み方を選びなさい。,いま,こん,きん,ごん,0,今は「いま」「こん」「きん」と読みます
s3-q011,3,才,2,reading,「才」の読み方を選びなさい。,さい,ざい,とし,ねん,0,才は「さい」と読みます
s3-q012,3,細,2,reading,「細」の読み方を選びなさい。,ほそ,さい,こま,ふと,0,細は「ほそ（い）」「さい」と読みます
s3-q013,3,作,2,reading,「作」の読み方を選びなさい。,つく,さく,さ,つか,0,作は「つく（る）」「さく」「さ」と読みます
s3-q014,3,算,2,reading,「算」の読み方を選びなさい。,さん,そろ,けい,すう,0,算は「さん」と読みます
s3-q015,3,止,2,reading,「止」の読み方を選びなさい。,と,し,や,どま,0,止は「と（まる）」「し」と読みます
s3-q016,3,市,2,reading,「市」の読み方を選びなさい。,し,いち,まち,とし,0,市は「し」「いち」と読みます
s3-q017,3,矢,2,reading,「矢」の読み方を選びなさい。,や,し,ゆみ,てつ,0,矢は「や」「し」と読みます
s3-q018,3,姉,2,reading,「姉」の読み方を選びなさい。,あね,し,ねえ,いもうと,0,姉は「あね」「し」と読みます
s3-q019,3,思,2,reading,「思」の読み方を選びなさい。,おも,し,もう,かんが,0,思は「おも（う）」「し」と読みます
s3-q020,3,紙,2,reading,「紙」の読み方を選びなさい。,かみ,し,がみ,ぬの,0,紙は「かみ」「し」と読みます
s3-q021,3,光,2,bushu,「光」の部首の名前を選びなさい。,ひ,ひかり,にんにょう,こう,0,光の部首は「ひ」です
s3-q022,3,考,2,bushu,「考」の部首の名前を選びなさい。,おいかんむり,かんが,こう,しにょう,0,考の部首は「おいかんむり」です
s3-q023,3,国,2,bushu,「国」の部首の名前を選びなさい。,くにがまえ,くに,こく,かこい,0,国の部首は「くにがまえ」です
s3-q024,3,紙,2,bushu,「紙」の部首の名前を選びなさい。,いとへん,かみ,し,きへん,0,紙の部首は「いとへん」です
s3-q025,3,時,2,bushu,「時」の部首の名前を選びなさい。,ひへん,とき,じ,にちへん,0,時の部首は「ひへん」です
s3-q026,3,心,2,bushu,「心」の部首の名前を選びなさい。,こころ,りっしんべん,したごころ,しん,0,心の部首は「こころ」です
s3-q027,3,親,2,bushu,「親」の部首の名前を選びなさい。,みる,め,おや,しん,0,親の部首は「みる」です
s3-q028,3,数,2,bushu,「数」の部首の名前を選びなさい。,とまた,すう,かず,ぼくにょう,0,数の部首は「とまた」です
s3-q029,3,止,2,okurigana,「止（　）」の正しい送り仮名を選びなさい。,まる,める,む,まり,0,止まるが正解です
s3-q030,3,作,2,okurigana,「作（　）」の正しい送り仮名を選びなさい。,る,らす,って,ろう,0,作るが正解です
s3-q031,3,思,2,okurigana,「思（　）」の正しい送り仮名を選びなさい。,う,える,い,わす,0,思うが正解です
s3-q032,3,切,2,okurigana,「切（　）」の正しい送り仮名を選びなさい。,る,れる,って,らす,0,切るが正解です
s3-q033,3,走,2,okurigana,「走（　）」の正しい送り仮名を選びなさい。,る,らす,って,れる,0,走るが正解です
s3-q034,3,知,2,okurigana,「知（　）」の正しい送り仮名を選びなさい。,る,らす,れる,らせる,0,知るが正解です
s3-q035,3,高低,2,antonym,「高」の対義語を選びなさい。,低,短,浅,小,0,高の反対は低です
s3-q036,3,前後,2,antonym,「前」の対義語を選びなさい。,後,裏,次,先,0,前の反対は後です
s3-q037,3,多少,2,antonym,「多」の対義語を選びなさい。,少,小,低,細,0,多の反対は少です
s3-q038,3,長短,2,antonym,「長」の対義語を選びなさい。,短,低,小,細,0,長の反対は短です
s3-q039,3,新古,2,antonym,「新」の対義語を選びなさい。,古,旧,老,昔,0,新の反対は古です
s3-q040,3,朝夕,2,antonym,「朝」の対義語を選びなさい。,夕,夜,晩,昼,0,朝の反対は夕です
s3-q041,3,し,2,homophone,「し」と読む漢字を選びなさい。文の意味に合うものを選びなさい。「（　）役所。」,市,四,死,詩,0,役所があるのは「市」です
s3-q042,3,しゃ,2,homophone,「しゃ」と読む漢字を選びなさい。文の意味に合うものを選びなさい。,社,者,車,写,0,会社の「社」です
s3-q043,3,ず,2,homophone,「ず」と読む漢字を選びなさい。文の意味に合うものを選びなさい。,図,頭,豆,図,0,地図の「図」です
s3-q044,3,こえ,2,homophone,「こえ」と読む漢字を選びなさい。文の意味に合うものを選びなさい。「（　）をかける。」,声,肥,超,越,0,かけるのは「声」です
s3-q045,3,ほし,2,homophone,「ほし」と読む漢字を選びなさい。文の意味に合うものを選びなさい。「（　）を見る。」,星,干,欲,乾,0,見るのは「星」です
s3-q046,3,はれ,2,homophone,「はれ」と読む漢字を選びなさい。文の意味に合うものを選びなさい。「（　）の日。」,晴,腫,張,貼,0,天気が良いのは「晴」です
s3-q047,3,算,2,compound,「算（　）」に入る漢字を選んで二字熟語を完成させなさい。,数,学,計,式,0,算数が正解です
s3-q048,3,作,2,compound,「作（　）」に入る漢字を選んで二字熟語を完成させなさい。,文,業,品,家,0,作文が正解です
s3-q049,3,親,2,compound,「親（　）」に入る漢字を選んで二字熟語を完成させなさい。,子,父,母,友,0,親子が正解です
s3-q050,3,心,2,compound,「心（　）」に入る漢字を選んで二字熟語を完成させなさい。,配,配,情,理,0,心配が正解です
s3-q051,3,てら,2,writing,「てら」を漢字で書いたものを選びなさい。,寺,時,詩,持,0,寺が正解です
s3-q052,3,じ,2,writing,「自分」の「じ」を漢字で書いたものを選びなさい。,自,次,事,児,0,自が正解です
s3-q053,3,じ,2,writing,「時間」の「じ」を漢字で書いたものを選びなさい。,時,次,事,児,0,時が正解です
s3-q054,3,しつ,2,writing,「しつ」を漢字で書いたものを選びなさい。,室,失,質,湿,0,室が正解です
s3-q055,3,しゃ,2,writing,「しゃ」を漢字で書いたものを選びなさい。,社,者,車,写,0,社が正解です
s3-q056,3,じゃく,2,writing,「じゃく」を漢字で書いたものを選びなさい。,弱,若,雀,弓,0,弱が正解です
s3-q057,3,くび,2,writing,「くび」を漢字で書いたものを選びなさい。,首,頭,道,導,0,首が正解です
s3-q058,3,あき,2,writing,「あき」を漢字で書いたものを選びなさい。,秋,秒,和,空,0,秋が正解です
s3-q059,3,しゅう,2,writing,「しゅう」を漢字で書いたものを選びなさい。,週,周,州,修,0,週が正解です
s3-q060,3,はる,2,writing,「はる」を漢字で書いたものを選びなさい。,春,晴,張,治,0,春が正解です
s3-q061,3,しょ,2,writing,「しょ」を漢字で書いたものを選びなさい。,書,所,署,暑,0,書が正解です
s3-q062,3,しょう,2,writing,「しょう」を漢字で書いたものを選びなさい。,少,小,省,消,0,少が正解です
s3-q063,3,ば,2,writing,「ば」を漢字で書いたものを選びなさい。,場,馬,葉,庭,0,場が正解です
s3-q064,3,いろ,2,writing,「いろ」を漢字で書いたものを選びなさい。,色,彩,絵,柄,0,色が正解です
s4-q001,4,通,2,reading,「通」の読み方を選びなさい。,とお,つう,かよ,みち,0,通は「とお（る）」「つう」「かよ（う）」と読みます
s4-q002,4,弟,2,reading,「弟」の読み方を選びなさい。,おとうと,てい,だい,あに,0,弟は「おとうと」「てい」「だい」と読みます
s4-q003,4,店,2,reading,「店」の読み方を選びなさい。,みせ,てん,たな,や,0,店は「みせ」「てん」と読みます
s4-q004,4,点,2,reading,「点」の読み方を選びなさい。,てん,つ,ちょぼ,まる,0,点は「てん」と読みます
s4-q005,4,電,2,reading,「電」の読み方を選びなさい。,でん,いなずま,かみなり,ひかり,0,電は「でん」と読みます
s4-q006,4,刀,2,reading,「刀」の読み方を選びなさい。,かたな,とう,やいば,けん,0,刀は「かたな」「とう」と読みます
s4-q007,4,冬,2,reading,「冬」の読み方を選びなさい。,ふゆ,とう,なつ,あき,0,冬は「ふゆ」「とう」と読みます
s4-q008,4,当,2,reading,「当」の読み方を選びなさい。,あ,とう,た,まさ,0,当は「あ（たる）」「とう」と読みます
s4-q009,4,東,2,reading,「東」の読み方を選びなさい。,ひがし,とう,あずま,にし,0,東は「ひがし」「とう」と読みます
s4-q010,4,答,2,reading,「答」の読み方を選びなさい。,こた,とう,こたえ,とい,0,答は「こた（える）」「とう」と読みます
s4-q011,4,頭,2,reading,「頭」の読み方を選びなさい。,あたま,とう,ず,かしら,0,頭は「あたま」「とう」「ず」と読みます
s4-q012,4,同,2,reading,「同」の読み方を選びなさい。,おな,どう,とも,こと,0,同は「おな（じ）」「どう」と読みます
s4-q013,4,道,2,reading,「道」の読み方を選びなさい。,みち,どう,とう,じ,0,道は「みち」「どう」と読みます
s4-q014,4,読,2,reading,「読」の読み方を選びなさい。,よ,どく,とく,とう,0,読は「よ（む）」「どく」「とく」と読みます
s4-q015,4,内,2,reading,「内」の読み方を選びなさい。,うち,ない,だい,そと,0,内は「うち」「ない」と読みます
s4-q016,4,南,2,reading,「南」の読み方を選びなさい。,みなみ,なん,なみ,きた,0,南は「みなみ」「なん」と読みます
s4-q017,4,肉,2,reading,「肉」の読み方を選びなさい。,にく,じく,しし,ぶた,0,肉は「にく」と読みます
s4-q018,4,馬,2,reading,「馬」の読み方を選びなさい。,うま,ば,ま,め,0,馬は「うま」「ば」「ま」と読みます
s4-q019,4,売,2,reading,「売」の読み方を選びなさい。,う,ばい,うり,か,0,売は「う（る）」「ばい」と読みます
s4-q020,4,買,2,reading,「買」の読み方を選びなさい。,か,ばい,こう,う,0,買は「か（う）」「ばい」と読みます
s4-q021,4,通,2,bushu,「通」の部首の名前を選びなさい。,しんにょう,つう,みち,えんにょう,0,通の部首は「しんにょう」です
s4-q022,4,道,2,bushu,「道」の部首の名前を選びなさい。,しんにょう,みち,どう,えんにょう,0,道の部首は「しんにょう」です
s4-q023,4,店,2,bushu,「店」の部首の名前を選びなさい。,まだれ,みせ,てん,やね,0,店の部首は「まだれ」です
s4-q024,4,電,2,bushu,「電」の部首の名前を選びなさい。,あめかんむり,でん,あま,あめ,0,電の部首は「あめかんむり」です
s4-q025,4,刀,2,bushu,「刀」の部首の名前を選びなさい。,かたな,りっとう,とう,けん,0,刀の部首は「かたな」です
s4-q026,4,馬,2,bushu,「馬」の部首の名前を選びなさい。,うま,うまへん,ば,け,0,馬の部首は「うま」です
s4-q027,4,門,2,bushu,「門」の部首の名前を選びなさい。,もん,もんがまえ,かど,と,0,門の部首は「もん」です
s4-q028,4,風,2,bushu,「風」の部首の名前を選びなさい。,かぜ,ふう,かぜかんむり,あらし,0,風の部首は「かぜ」です
s4-q029,4,通,2,okurigana,「通（　）」の正しい送り仮名を選びなさい。,る,じる,す,ずる,0,通るが正解です
s4-q030,4,当,2,okurigana,「当（　）」の正しい送り仮名を選びなさい。,たる,てる,たり,てはまる,0,当たるが正解です
s4-q031,4,答,2,okurigana,「答（　）」の正しい送り仮名を選びなさい。,える,え,えて,えない,0,答えるが正解です
s4-q032,4,読,2,okurigana,「読（　）」の正しい送り仮名を選びなさい。,む,める,んで,まない,0,読むが正解です
s4-q033,4,売,2,okurigana,「売（　）」の正しい送り仮名を選びなさい。,る,れる,って,らす,0,売るが正解です
s4-q034,4,買,2,okurigana,「買（　）」の正しい送り仮名を選びなさい。,う,える,って,わす,0,買うが正解です
s4-q035,4,売買,2,antonym,「売」の対義語を選びなさい。,買,貸,借,与,0,売の反対は買です
s4-q036,4,東西,2,antonym,「東」の対義語を選びなさい。,西,南,北,中,0,東の反対は西です
s4-q037,4,内外,2,antonym,「内」の対義語を選びなさい。,外,表,上,前,0,内の反対は外です
s4-q038,4,南北,2,antonym,「南」の対義語を選びなさい。,北,東,西,中,0,南の反対は北です
s4-q039,4,父母,2,antonym,「父」の対義語を選びなさい。,母,子,親,兄,0,父の反対は母です
s4-q040,4,兄弟,2,antonym,「兄」の対義語を選びなさい。,弟,姉,妹,子,0,兄の反対は弟です
s4-q041,4,わる,3,homophone,「わる」と読む漢字を選びなさい。文の意味に合うものを選びなさい。「（　）い人。」,悪,割,惑,和,0,人が悪いのは「悪」です
s4-q042,4,やす,3,homophone,「やす」と読む漢字を選びなさい。文の意味に合うものを選びなさい。「（　）い店。」,安,易,休,保,0,値段が安いのは「安」です
s4-q043,4,くら,3,homophone,「くら」と読む漢字を選びなさい。文の意味に合うものを選びなさい。,暗,倉,蔵,黒,0,部屋が暗いのは「暗」です
s4-q044,4,い,3,homophone,「い」と読む漢字を選びなさい。文の意味に合うものを選びなさい。「（　）者。」,医,胃,意,位,0,医者の「医」です
s4-q045,4,い,3,homophone,「い」と読む漢字を選びなさい。文の意味に合うものを選びなさい。「（　）員。」,委,胃,意,位,0,委員の「委」です
s4-q046,4,い,3,homophone,「い」と読む漢字を選びなさい。文の意味に合うものを選びなさい。「（　）味。」,意,胃,医,位,0,意味の「意」です
s4-q047,4,電,2,compound,「電（　）」に入る漢字を選んで二字熟語を完成させなさい。,話,車,気,力,0,電話が正解です
s4-q048,4,半,2,compound,「半（　）」に入る漢字を選んで二字熟語を完成させなさい。,分,年,日,月,0,半分が正解です
s4-q049,4,父,2,compound,「父（　）」に入る漢字を選んで二字熟語を完成させなさい。,母,兄,姉,子,0,父母が正解です
s4-q050,4,方,2,compound,「方（　）」に入る漢字を選んで二字熟語を完成させなさい。,向,法,角,面,0,方向が正解です
s4-q051,4,むぎ,2,writing,「むぎ」を漢字で書いたものを選びなさい。,麦,来,表,素,0,麦が正解です
s4-q052,4,はん,2,writing,「はん」を漢字で書いたものを選びなさい。,半,判,伴,反,0,半が正解です
s4-q053,4,ばん,2,writing,「ばん」を漢字で書いたものを選びなさい。,番,版,板,飯,0,番が正解です
s4-q054,4,ちち,2,writing,「ちち」を漢字で書いたものを選びなさい。,父,交,支,乳,0,父が正解です
s4-q055,4,かぜ,2,writing,「かぜ」を漢字で書いたものを選びなさい。,風,凪,嵐,颪,0,風が正解です
s4-q056,4,ぶん,2,writing,「ぶん」を漢字で書いたものを選びなさい。,分,分,粉,紛,0,分が正解です
s4-q057,4,き,2,writing,「き」を漢字で書いたものを選びなさい。,聞,間,開,閉,0,聞が正解です
s4-q058,4,こめ,2,writing,「こめ」を漢字で書いたものを選びなさい。,米,来,迷,粉,0,米が正解です
s4-q059,4,ある,2,writing,「ある」を漢字で書いたものを選びなさい。,歩,渉,涉,渡,0,歩が正解です
s4-q060,4,はは,2,writing,「はは」を漢字で書いたものを選びなさい。,母,毋,海,梅,0,母が正解です
s4-q061,4,ほう,2,writing,「ほう」を漢字で書いたものを選びなさい。,方,放,芳,訪,0,方が正解です
s4-q062,4,きた,2,writing,「きた」を漢字で書いたものを選びなさい。,北,喜,背,来,0,北が正解です
s4-q063,4,まい,2,writing,「まい」を漢字で書いたものを選びなさい。,毎,海,梅,枚,0,毎が正解です
s4-q064,4,いもうと,2,writing,「いもうと」を漢字で書いたものを選びなさい。,妹,末,味,未,0,妹が正解です
s5-q001,5,横,3,reading,「横」の読み方を選びなさい。,よこ,おう,よう,たて,0,横は「よこ」「おう」と読みます
s5-q002,5,屋,3,reading,「屋」の読み方を選びなさい。,や,おく,いえ,うち,0,屋は「や」「おく」と読みます
s5-q003,5,温,3,reading,「温」の読み方を選びなさい。,あたた,おん,ぬく,つめ,0,温は「あたた（かい）」「おん」と読みます
s5-q004,5,化,3,reading,「化」の読み方を選びなさい。,ば,か,け,へん,0,化は「ば（ける）」「か」「け」と読みます
s5-q005,5,荷,3,reading,「荷」の読み方を選びなさい。,に,か,にもつ,つみ,0,荷は「に」「か」と読みます
s5-q006,5,界,3,reading,「界」の読み方を選びなさい。,かい,さかい,せかい,きわ,0,界は「かい」と読みます
s5-q007,5,開,3,reading,「開」の読み方を選びなさい。,ひら,かい,あ,と,0,開は「ひら（く）」「かい」「あ（く）」と読みます
s5-q008,5,階,3,reading,「階」の読み方を選びなさい。,かい,きざはし,だん,そう,0,階は「かい」と読みます
s5-q009,5,寒,3,reading,「寒」の読み方を選びなさい。,さむ,かん,ひ,あつ,0,寒は「さむ（い）」「かん」と読みます
s5-q010,5,感,3,reading,「感」の読み方を選びなさい。,かん,かんが,おも,しん,0,感は「かん」と読みます
s5-q011,5,漢,3,reading,「漢」の読み方を選びなさい。,かん,から,おとこ,わ,0,漢は「かん」と読みます
s5-q012,5,館,3,reading,「館」の読み方を選びなさい。,かん,やかた,たて,てら,0,館は「かん」「やかた」と読みます
s5-q013,5,岸,3,reading,「岸」の読み方を選びなさい。,きし,がん,ふち,はま,0,岸は「きし」「がん」と読みます
s5-q014,5,起,3,reading,「起」の読み方を選びなさい。,お,き,た,ね,0,起は「お（きる）」「き」と読みます
s5-q015,5,期,3,reading,「期」の読み方を選びなさい。,き,ご,じ,とき,0,期は「き」「ご」と読みます
s5-q016,5,客,3,reading,「客」の読み方を選びなさい。,きゃく,かく,まろうど,きゃ,0,客は「きゃく」「かく」と読みます
s5-q017,5,究,3,reading,「究」の読み方を選びなさい。,きゅう,きわ,く,けん,0,究は「きゅう」「きわ（める）」と読みます
s5-q018,5,急,3,reading,「急」の読み方を選びなさい。,いそ,きゅう,せ,おそ,0,急は「いそ（ぐ）」「きゅう」と読みます
s5-q019,5,級,3,reading,「級」の読み方を選びなさい。,きゅう,くら,だん,そう,0,級は「きゅう」と読みます
s5-q020,5,宮,3,reading,「宮」の読み方を選びなさい。,みや,きゅう,ぐう,やしろ,0,宮は「みや」「きゅう」「ぐう」と読みます
s5-q021,5,化,3,bushu,「化」の部首の名前を選びなさい。,にんべん,か,ば,ひと,0,化の部首は「にんべん」です
s5-q022,5,館,3,bushu,「館」の部首の名前を選びなさい。,しょくへん,かん,やかた,たて,0,館の部首は「しょくへん」です
s5-q023,5,岸,3,bushu,「岸」の部首の名前を選びなさい。,やま,やまへん,きし,がん,0,岸の部首は「やま」です
s5-q024,5,漢,3,bushu,「漢」の部首の名前を選びなさい。,さんずい,かん,みず,から,0,漢の部首は「さんずい」です
s5-q025,5,決,3,bushu,「決」の部首の名前を選びなさい。,さんずい,けつ,き,みず,0,決の部首は「さんずい」です
s5-q026,5,研,3,bushu,「研」の部首の名前を選びなさい。,いしへん,けん,と,いし,0,研の部首は「いしへん」です
s5-q027,5,県,3,bushu,「県」の部首の名前を選びなさい。,め,めへん,けん,まなこ,0,県の部首は「め」です
s5-q028,5,向,3,bushu,「向」の部首の名前を選びなさい。,くち,くちへん,こう,むか,0,向の部首は「くち」です
s5-q029,5,開,3,okurigana,「開（　）」の正しい送り仮名を選びなさい。,く,ける,いて,じる,0,開くが正解です
s5-q030,5,起,3,okurigana,「起（　）」の正しい送り仮名を選びなさい。,きる,こる,こす,きない,0,起きるが正解です
s5-q031,5,急,3,okurigana,「急（　）」の正しい送り仮名を選びなさい。,ぐ,がす,いで,がない,0,急ぐが正解です
s5-q032,5,決,3,okurigana,「決（　）」の正しい送り仮名を選びなさい。,める,まる,めて,まって,0,決めるが正解です
s5-q033,5,研,3,okurigana,「研（　）」の正しい送り仮名を選びなさい。,ぐ,がす,いで,がない,0,研ぐが正解です
s5-q034,5,向,3,okurigana,「向（　）」の正しい送り仮名を選びなさい。,かう,く,こう,ける,0,向かうが正解です
s5-q035,5,開閉,3,antonym,「開」の対義語を選びなさい。,閉,始,終,停,0,開の反対は閉です
s5-q036,5,寒暑,3,antonym,「寒」の対義語を選びなさい。,暑,熱,温,涼,0,寒の反対は暑です
s5-q037,5,横縦,3,antonym,「横」の対義語を選びなさい。,縦,竪,立,直,0,横の反対は縦です
s5-q038,5,急緩,3,antonym,「急」の対義語を選びなさい。,緩,遅,慢,鈍,0,急の反対は緩です
s5-q039,5,軽重,3,antonym,「軽」の対義語を選びなさい。,重,重,大,強,0,軽の反対は重です
s5-q040,5,苦楽,3,antonym,「苦」の対義語を選びなさい。,楽,喜,幸,甘,0,苦の反対は楽です
s5-q041,5,きゅう,3,homophone,「きゅう」と読む漢字を選びなさい。文の意味に合うものを選びなさい。,球,休,究,宮,0,野球の「球」です
s5-q042,5,きょ,3,homophone,「きょ」と読む漢字を選びなさい。文の意味に合うものを選びなさい。,去,居,拒,巨,0,過去の「去」です
s5-q043,5,きょう,3,homophone,「きょう」と読む漢字を選びなさい。文の意味に合うものを選びなさい。「（　）を渡る。」,橋,京,強,教,0,渡るのは「橋」です
s5-q044,5,ぎょう,3,homophone,「ぎょう」と読む漢字を選びなさい。文の意味に合うものを選びなさい。「（　）務。」,業,漁,凝,仰,0,業務の「業」です
s5-q045,5,きょく,3,homophone,「きょく」と読む漢字を選びなさい。文の意味に合うものを選びなさい。「（　）を聞く。」,曲,局,極,玉,0,聞くのは「曲」です
s5-q046,5,きょく,3,homophone,「きょく」と読む漢字を選びなさい。文の意味に合うものを選びなさい。,局,曲,極,玉,0,郵便局の「局」です
s5-q047,5,期,3,compound,「期（　）」に入る漢字を選んで二字熟語を完成させなさい。,間,日,限,末,0,期間が正解です
s5-q048,5,客,3,compound,「客（　）」に入る漢字を選んで二字熟語を完成させなさい。,室,間,席,車,0,客室が正解です
s5-q049,5,研,3,compound,「研（　）」に入る漢字を選んで二字熟語を完成させなさい。,究,修,鑽,学,0,研究が正解です
s5-q050,5,急,3,compound,「急（　）」に入る漢字を選んで二字熟語を完成させなさい。,行,ぐ,便,速,0,急行が正解です
s5-q051,5,ぎん,3,writing,「ぎん」を漢字で書いたものを選びなさい。,銀,金,鈴,錦,0,銀が正解です
s5-q052,5,く,3,writing,「区別」の「く」を漢字で書いたものを選びなさい。,区,句,駆,苦,0,区が正解です
s5-q053,5,く,3,writing,「苦手」の「く」を漢字で書いたものを選びなさい。,苦,区,句,駆,0,苦が正解です
s5-q054,5,ぐ,3,writing,「ぐ」を漢字で書いたものを選びなさい。,具,愚,遇,偶,0,具が正解です
s5-q055,5,くん,3,writing,「くん」を漢字で書いたものを選びなさい。,君,群,訓,勲,0,君が正解です
s5-q056,5,けい,3,writing,「けい」を漢字で書いたものを選びなさい。,係,系,計,軽,0,係が正解です
s5-q057,5,けい,3,writing,「軽い」の「けい」を漢字で書いたものを選びなさい。,軽,経,計,径,0,軽が正解です
s5-q058,5,けつ,3,writing,「血液」の「けつ」を漢字で書いたものを選びなさい。,血,穴,欠,決,0,血が正解です
s5-q059,5,けつ,3,writing,「決定」の「けつ」を漢字で書いたものを選びなさい。,決,血,穴,欠,0,決が正解です
s5-q060,5,けん,3,writing,「けん」を漢字で書いたものを選びなさい。,研,険,県,硯,0,研が正解です
s5-q061,5,けん,3,writing,「けん」を漢字で書いたものを選びなさい。,県,研,険,硯,0,県が正解です
s5-q062,5,こ,3,writing,「こ」を漢字で書いたものを選びなさい。,庫,倉,蔵,個,0,庫が正解です
s5-q063,5,こ,3,writing,「こ」を漢字で書いたものを選びなさい。,湖,個,故,枯,0,湖が正解です
s5-q064,5,こう,3,writing,「こう」を漢字で書いたものを選びなさい。,向,高,広,香,0,向が正解です
s6-q001,6,酒,3,reading,「酒」の読み方を選びなさい。,さけ,しゅ,さか,みき,0,酒は「さけ」「しゅ」と読みます
s6-q002,6,受,3,reading,「受」の読み方を選びなさい。,う,じゅ,ず,さず,0,受は「う（ける）」「じゅ」と読みます
s6-q003,6,州,3,reading,「州」の読み方を選びなさい。,しゅう,す,くに,しま,0,州は「しゅう」「す」と読みます
s6-q004,6,拾,3,reading,「拾」の読み方を選びなさい。,ひろ,しゅう,じゅう,す,0,拾は「ひろ（う）」「しゅう」「じゅう」と読みます
s6-q005,6,終,3,reading,「終」の読み方を選びなさい。,お,しゅう,つい,は,0,終は「お（わる）」「しゅう」と読みます
s6-q006,6,習,3,reading,「習」の読み方を選びなさい。,なら,しゅう,しゅ,まな,0,習は「なら（う）」「しゅう」と読みます
s6-q007,6,集,3,reading,「集」の読み方を選びなさい。,あつ,しゅう,つど,あつま,0,集は「あつ（まる）」「しゅう」と読みます
s6-q008,6,住,3,reading,「住」の読み方を選びなさい。,す,じゅう,すま,い,0,住は「す（む）」「じゅう」と読みます
s6-q009,6,重,3,reading,「重」の読み方を選びなさい。,おも,じゅう,ちょう,かさ,0,重は「おも（い）」「じゅう」「ちょう」と読みます
s6-q010,6,宿,3,reading,「宿」の読み方を選びなさい。,やど,しゅく,しゅう,とま,0,宿は「やど」「しゅく」と読みます
s6-q011,6,所,3,reading,「所」の読み方を選びなさい。,ところ,しょ,じょ,どころ,0,所は「ところ」「しょ」と読みます
s6-q012,6,暑,3,reading,「暑」の読み方を選びなさい。,あつ,しょ,さむ,ひ,0,暑は「あつ（い）」「しょ」と読みます
s6-q013,6,助,3,reading,「助」の読み方を選びなさい。,たす,じょ,すけ,ず,0,助は「たす（ける）」「じょ」「すけ」と読みます
s6-q014,6,昭,3,reading,「昭」の読み方を選びなさい。,しょう,あき,てる,あきら,0,昭は「しょう」と読みます
s6-q015,6,消,3,reading,「消」の読み方を選びなさい。,け,しょう,き,う,0,消は「け（す）」「しょう」と読みます
s6-q016,6,商,3,reading,「商」の読み方を選びなさい。,しょう,あきな,あき,ばい,0,商は「しょう」「あきな（う）」と読みます
s6-q017,6,章,3,reading,「章」の読み方を選びなさい。,しょう,あや,ふみ,ぶん,0,章は「しょう」と読みます
s6-q018,6,勝,3,reading,「勝」の読み方を選びなさい。,か,しょう,ま,ぞ,0,勝は「か（つ）」「しょう」と読みます
s6-q019,6,乗,3,reading,「乗」の読み方を選びなさい。,の,じょう,ぞう,こ,0,乗は「の（る）」「じょう」と読みます
s6-q020,6,植,3,reading,「植」の読み方を選びなさい。,う,しょく,え,た,0,植は「う（える）」「しょく」と読みます
s6-q021,6,酒,3,bushu,「酒」の部首の名前を選びなさい。,さんずい,さけ,しゅ,みず,0,酒の部首は「さんずい」です
s6-q022,6,集,3,bushu,「集」の部首の名前を選びなさい。,ふるとり,しゅう,とり,あつ,0,集の部首は「ふるとり」です
s6-q023,6,住,3,bushu,「住」の部首の名前を選びなさい。,にんべん,す,じゅう,ひと,0,住の部首は「にんべん」です
s6-q024,6,助,3,bushu,「助」の部首の名前を選びなさい。,ちから,たす,じょ,りき,0,助の部首は「ちから」です
s6-q025,6,消,3,bushu,「消」の部首の名前を選びなさい。,さんずい,け,しょう,みず,0,消の部首は「さんずい」です
s6-q026,6,植,3,bushu,「植」の部首の名前を選びなさい。,きへん,う,しょく,き,0,植の部首は「きへん」です
s6-q027,6,身,3,bushu,「身」の部首の名前を選びなさい。,み,みへん,しん,からだ,0,身の部首は「み」です
s6-q028,6,進,3,bushu,「進」の部首の名前を選びなさい。,しんにょう,すす,しん,みち,0,進の部首は「しんにょう」です
s6-q029,6,終,3,okurigana,「終（　）」の正しい送り仮名を選びなさい。,わる,える,わり,わって,0,終わるが正解です
s6-q030,6,習,3,okurigana,「習（　）」の正しい送り仮名を選びなさい。,う,わす,って,える,0,習うが正解です
s6-q031,6,集,3,okurigana,「集（　）」の正しい送り仮名を選びなさい。,まる,める,めて,まって,0,集まるが正解です
s6-q032,6,住,3,okurigana,「住（　）」の正しい送り仮名を選びなさい。,む,まう,める,んで,0,住むが正解です
s6-q033,6,助,3,okurigana,「助（　）」の正しい送り仮名を選びなさい。,ける,かる,けて,かって,0,助けるが正解です
s6-q034,6,消,3,okurigana,「消（　）」の正しい送り仮名を選びなさい。,す,える,して,えて,0,消すが正解です
s6-q035,6,始終,3,antonym,「始」の対義語を選びなさい。,終,末,止,果,0,始の反対は終です
s6-q036,6,軽重,3,antonym,「軽」の対義語を選びなさい。,重,重,大,強,0,軽の反対は重です
s6-q037,6,暑寒,3,antonym,「暑」の対義語を選びなさい。,寒,冷,涼,寒,0,暑の反対は寒です
s6-q038,6,勝負,3,antonym,「勝」の対義語を選びなさい。,負,敗,損,失,0,勝の反対は負です
s6-q039,6,深浅,3,antonym,「深」の対義語を選びなさい。,浅,薄,低,短,0,深の反対は浅です
s6-q040,6,進退,3,antonym,「進」の対義語を選びなさい。,退,後,戻,返,0,進の反対は退です
s6-q041,6,しん,3,homophone,「しん」と読む漢字を選びなさい。文の意味に合うものを選びなさい。「（　）し込む。」,申,伸,神,真,0,申し込むの「申」です
s6-q042,6,しん,3,homophone,「しん」と読む漢字を選びなさい。文の意味に合うものを選びなさい。「（　）体。」,身,伸,神,真,0,身体の「身」です
s6-q043,6,しん,3,homophone,「しん」と読む漢字を選びなさい。文の意味に合うものを選びなさい。「（　）社。」,神,伸,申,真,0,神社の「神」です
s6-q044,6,しん,3,homophone,「しん」と読む漢字を選びなさい。文の意味に合うものを選びなさい。「（　）実。」,真,伸,申,神,0,真実の「真」です
s6-q045,6,しん,3,homophone,「しん」と読む漢字を選びなさい。文の意味に合うものを選びなさい。「（　）い。」,深,伸,申,神,0,深いの「深」です
s6-q046,6,しん,3,homophone,「しん」と読む漢字を選びなさい。文の意味に合うものを選びなさい。「（　）む。」,進,伸,申,神,0,進むの「進」です
s6-q047,6,終,3,compound,「終（　）」に入る漢字を選んで二字熟語を完成させなさい。,始,了,点,末,0,終始が正解です
s6-q048,6,住,3,compound,「住（　）」に入る漢字を選んで二字熟語を完成させなさい。,所,宅,居,家,0,住所が正解です
s6-q049,6,商,3,compound,「商（　）」に入る漢字を選んで二字熟語を完成させなさい。,品,店,売,業,0,商品が正解です
s6-q050,6,植,3,compound,「植（　）」に入る漢字を選んで二字熟語を完成させなさい。,物,木,林,園,0,植物が正解です
s6-q051,6,こう,3,writing,「こう」を漢字で書いたものを選びなさい。,幸,幻,辛,報,0,幸が正解です
s6-q052,6,こう,3,writing,「こう」を漢字で書いたものを選びなさい。,港,講,鋼,江,0,港が正解です
s6-q053,6,ごう,3,writing,「ごう」を漢字で書いたものを選びなさい。,号,合,豪,拷,0,号が正解です
s6-q054,6,こん,3,writing,「こん」を漢字で書いたものを選びなさい。,根,今,混,懇,0,根が正解です
s6-q055,6,さい,3,writing,「さい」を漢字で書いたものを選びなさい。,祭,際,菜,採,0,祭が正解です
s6-q056,6,さら,3,writing,「さら」を漢字で書いたものを選びなさい。,皿,更,盾,血,0,皿が正解です
s6-q057,6,し,3,writing,「仕事」の「し」を漢字で書いたものを選びなさい。,仕,士,使,死,0,仕が正解です
s6-q058,6,し,3,writing,「死亡」の「し」を漢字で書いたものを選びなさい。,死,士,仕,使,0,死が正解です
s6-q059,6,し,3,writing,「使用」の「し」を漢字で書いたものを選びなさい。,使,士,仕,死,0,使が正解です
s6-q060,6,し,3,writing,「し」を漢字で書いたものを選びなさい。,始,台,治,冶,0,始が正解です
s6-q061,6,し,3,writing,「し」を漢字で書いたものを選びなさい。,指,旨,脂,紫,0,指が正解です
s6-q062,6,し,3,writing,「し」を漢字で書いたものを選びなさい。,歯,齢,柵,函,0,歯が正解です
s6-q063,6,し,3,writing,「し」を漢字で書いたものを選びなさい。,詩,寺,時,持,0,詩が正解です
s6-q064,6,じ,3,writing,「じ」を漢字で書いたものを選びなさい。,次,時,自,字,0,次が正解です
s7-q001,7,島,3,reading,「島」の読み方を選びなさい。,しま,とう,なかじま,みさき,0,島は「しま」「とう」と読みます
s7-q002,7,湯,3,reading,「湯」の読み方を選びなさい。,ゆ,とう,あつ,みず,0,湯は「ゆ」「とう」と読みます
s7-q003,7,登,3,reading,「登」の読み方を選びなさい。,のぼ,とう,と,あ,0,登は「のぼ（る）」「とう」「と」と読みます
s7-q004,7,等,3,reading,「等」の読み方を選びなさい。,とう,ひと,など,そろ,0,等は「とう」「など」と読みます
s7-q005,7,動,3,reading,「動」の読み方を選びなさい。,うご,どう,ゆ,しず,0,動は「うご（く）」「どう」と読みます
s7-q006,7,童,3,reading,「童」の読み方を選びなさい。,どう,わらべ,わら,こ,0,童は「どう」「わらべ」と読みます
s7-q007,7,農,3,reading,「農」の読み方を選びなさい。,のう,た,はたけ,みのり,0,農は「のう」と読みます
s7-q008,7,波,3,reading,「波」の読み方を選びなさい。,なみ,は,ば,うみ,0,波は「なみ」「は」と読みます
s7-q009,7,配,3,reading,「配」の読み方を選びなさい。,くば,はい,わ,くみ,0,配は「くば（る）」「はい」と読みます
s7-q010,7,倍,3,reading,「倍」の読み方を選びなさい。,ばい,ばえ,ます,そう,0,倍は「ばい」と読みます
s7-q011,7,箱,3,reading,「箱」の読み方を選びなさい。,はこ,そう,いれ,ばこ,0,箱は「はこ」と読みます
s7-q012,7,畑,3,reading,「畑」の読み方を選びなさい。,はたけ,はた,ばたけ,た,0,畑は「はたけ」「はた」と読みます
s7-q013,7,発,3,reading,「発」の読み方を選びなさい。,はつ,ほつ,はっ,た,0,発は「はつ」「ほつ」「はっ」と読みます
s7-q014,7,反,3,reading,「反」の読み方を選びなさい。,そ,はん,たん,かえ,0,反は「そ（る）」「はん」「たん」と読みます
s7-q015,7,坂,3,reading,「坂」の読み方を選びなさい。,さか,はん,ばん,のぼ,0,坂は「さか」と読みます
s7-q016,7,板,3,reading,「板」の読み方を選びなさい。,いた,はん,ばん,ばん,0,板は「いた」「はん」「ばん」と読みます
s7-q017,7,皮,3,reading,「皮」の読み方を選びなさい。,かわ,ひ,けがわ,かく,0,皮は「かわ」「ひ」と読みます
s7-q018,7,悲,3,reading,「悲」の読み方を選びなさい。,かな,ひ,いた,なげ,0,悲は「かな（しい）」「ひ」と読みます
s7-q019,7,美,3,reading,「美」の読み方を選びなさい。,うつく,び,み,よ,0,美は「うつく（しい）」「び」「み」と読みます
s7-q020,7,鼻,3,reading,「鼻」の読み方を選びなさい。,はな,び,くち,め,0,鼻は「はな」「び」と読みます
s7-q021,7,島,3,bushu,「島」の部首の名前を選びなさい。,やま,やまへん,しま,とう,0,島の部首は「やま」です
s7-q022,7,湯,3,bushu,「湯」の部首の名前を選びなさい。,さんずい,ゆ,とう,みず,0,湯の部首は「さんずい」です
s7-q023,7,動,3,bushu,「動」の部首の名前を選びなさい。,ちから,うご,どう,りき,0,動の部首は「ちから」です
s7-q024,7,波,3,bushu,「波」の部首の名前を選びなさい。,さんずい,なみ,は,みず,0,波の部首は「さんずい」です
s7-q025,7,箱,3,bushu,「箱」の部首の名前を選びなさい。,たけかんむり,はこ,そう,たけ,0,箱の部首は「たけかんむり」です
s7-q026,7,畑,3,bushu,「畑」の部首の名前を選びなさい。,た,たへん,はたけ,はた,0,畑の部首は「た」です
s7-q027,7,坂,3,bushu,「坂」の部首の名前を選びなさい。,つちへん,さか,はん,つち,0,坂の部首は「つちへん」です
s7-q028,7,愛,4,bushu,「愛」の部首の名前を選びなさい。,こころ,したごころ,あい,りっしんべん,0,愛の部首は「こころ」です
s7-q029,7,登,3,okurigana,「登（　）」の正しい送り仮名を選びなさい。,る,って,らす,れる,0,登るが正解です
s7-q030,7,動,3,okurigana,「動（　）」の正しい送り仮名を選びなさい。,く,かす,いて,ける,0,動くが正解です
s7-q031,7,配,3,okurigana,「配（　）」の正しい送り仮名を選びなさい。,る,って,らす,れる,0,配るが正解です
s7-q032,7,発,3,okurigana,「発（　）」の正しい送り仮名を選びなさい。,つ,する,って,した,0,発つが正解です
s7-q033,7,反,3,okurigana,「反（　）」の正しい送り仮名を選びなさい。,る,らす,って,れる,0,反るが正解です
s7-q034,7,悲,3,okurigana,「悲（　）」の正しい送り仮名を選びなさい。,しい,しむ,しんで,しまない,0,悲しいが正解です
s7-q035,7,美醜,3,antonym,「美」の対義語を選びなさい。,醜,悪,汚,穢,0,美の反対は醜です
s7-q036,7,発着,3,antonym,「発」の対義語を選びなさい。,着,到,止,終,0,発の反対は着です
s7-q037,7,悲喜,3,antonym,「悲」の対義語を選びなさい。,喜,楽,幸,嬉,0,悲の反対は喜です
s7-q038,7,表裏,3,antonym,「表」の対義語を選びなさい。,裏,内,奥,下,0,表の反対は裏です
s7-q039,7,有無,3,antonym,「有」の対義語を選びなさい。,無,否,非,不,0,有の反対は無です
s7-q040,7,予定,3,antonym,「予」の類義語を選びなさい。,定,期,約,備,0,予と定は類義語です
s7-q041,7,ひつ,3,homophone,「ひつ」と読む漢字を選びなさい。文の意味に合うものを選びなさい。「（　）で書く。」,筆,必,泌,畢,0,書くのは「筆」です
s7-q042,7,ひょう,3,homophone,「ひょう」と読む漢字を選びなさい。文の意味に合うものを選びなさい。「（　）が張る。」,氷,兵,表,票,0,張るのは「氷」です
s7-q043,7,ひょう,3,homophone,「ひょう」と読む漢字を選びなさい。文の意味に合うものを選びなさい。「（　）を見る。」,表,兵,氷,票,0,見るのは「表」です
s7-q044,7,びょう,3,homophone,「びょう」と読む漢字を選びなさい。文の意味に合うものを選びなさい。,秒,病,苗,描,0,時間の単位は「秒」です
s7-q045,7,びょう,3,homophone,「びょう」と読む漢字を選びなさい。文の意味に合うものを選びなさい。「（　）気。」,病,秒,苗,描,0,病気の「病」です
s7-q046,7,ひん,3,homophone,「ひん」と読む漢字を選びなさい。文の意味に合うものを選びなさい。「（　）物。」,品,貧,賓,頻,0,品物の「品」です
s7-q047,7,洋,3,compound,「洋（　）」に入る漢字を選んで二字熟語を完成させなさい。,服,風,装,衣,0,洋服が正解です
s7-q048,7,流,3,compound,「流（　）」に入る漢字を選んで二字熟語を完成させなさい。,水,石,川,河,0,流水が正解です
s7-q049,7,両,3,compound,「両（　）」に入る漢字を選んで二字熟語を完成させなさい。,親,方,側,手,0,両親が正解です
s7-q050,7,礼,3,compound,「礼（　）」に入る漢字を選んで二字熟語を完成させなさい。,儀,式,法,節,0,礼儀が正解です
s7-q051,7,あい,4,writing,「あい」を漢字で書いたものを選びなさい。,愛,哀,挨,曖,0,愛が正解です
s7-q052,7,あん,4,writing,「あん」を漢字で書いたものを選びなさい。,案,安,暗,按,0,案が正解です
s7-q053,7,い,4,writing,「い」を漢字で書いたものを選びなさい。,以,已,似,似,0,以が正解です
s7-q054,7,い,4,writing,「い」を漢字で書いたものを選びなさい。,衣,依,医,委,0,衣が正解です
s7-q055,7,ひつ,3,writing,「ひつ」を漢字で書いたものを選びなさい。,筆,必,泌,畢,0,筆が正解です
s7-q056,7,こおり,3,writing,「こおり」を漢字で書いたものを選びなさい。,氷,凍,冷,水,0,氷が正解です
s7-q057,7,ひょう,3,writing,「表面」の「ひょう」を漢字で書いたものを選びなさい。,表,兵,氷,票,0,表が正解です
s7-q058,7,びょう,3,writing,「一秒」の「びょう」を漢字で書いたものを選びなさい。,秒,病,苗,描,0,秒が正解です
s7-q059,7,びょう,3,writing,「病気」の「びょう」を漢字で書いたものを選びなさい。,病,秒,苗,描,0,病が正解です
s7-q060,7,ひん,3,writing,「ひん」を漢字で書いたものを選びなさい。,品,貧,賓,頻,0,品が正解です
s7-q061,7,ふ,3,writing,「ふ」を漢字で書いたものを選びなさい。,負,不,付,婦,0,負が正解です
s7-q062,7,ぶ,3,writing,「ぶ」を漢字で書いたものを選びなさい。,部,武,舞,無,0,部が正解です
s7-q063,7,ふく,3,writing,「ふく」を漢字で書いたものを選びなさい。,服,福,複,腹,0,服が正解です
s7-q064,7,ふく,3,writing,「ふく」を漢字で書いたものを選びなさい。,福,服,複,腹,0,福が正解です
s8-q001,8,位,4,reading,「位」の読み方を選びなさい。,い,くらい,ぐらい,ばん,0,位は「い」「くらい」と読みます
s8-q002,8,茨,4,reading,「茨」の読み方を選びなさい。,いばら,ばら,し,とげ,0,茨は「いばら」と読みます
s8-q003,8,印,4,reading,「印」の読み方を選びなさい。,いん,しるし,しる,ばん,0,印は「いん」「しるし」と読みます
s8-q004,8,英,4,reading,「英」の読み方を選びなさい。,えい,はな,ひで,よ,0,英は「えい」と読みます
s8-q005,8,栄,4,reading,「栄」の読み方を選びなさい。,えい,さか,は,ほまれ,0,栄は「えい」「さか（える）」と読みます
s8-q006,8,媛,4,reading,「媛」の読み方を選びなさい。,えん,ひめ,め,おんな,0,媛は「えん」「ひめ」と読みます
s8-q007,8,塩,4,reading,「塩」の読み方を選びなさい。,しお,えん,あん,しょう,0,塩は「しお」「えん」と読みます
s8-q008,8,岡,4,reading,「岡」の読み方を選びなさい。,おか,こう,お,やま,0,岡は「おか」「こう」と読みます
s8-q009,8,億,4,reading,「億」の読み方を選びなさい。,おく,よく,えき,ちょう,0,億は「おく」と読みます
s8-q010,8,加,4,reading,「加」の読み方を選びなさい。,くわ,か,た,ます,0,加は「くわ（える）」「か」と読みます
s8-q011,8,果,4,reading,「果」の読み方を選びなさい。,は,か,み,たね,0,果は「は（たす）」「か」と読みます
s8-q012,8,貨,4,reading,「貨」の読み方を選びなさい。,か,たから,もの,ぶつ,0,貨は「か」と読みます
s8-q013,8,課,4,reading,「課」の読み方を選びなさい。,か,わりあて,はか,だん,0,課は「か」と読みます
s8-q014,8,芽,4,reading,「芽」の読み方を選びなさい。,め,が,ばえ,ほ,0,芽は「め」「が」と読みます
s8-q015,8,賀,4,reading,「賀」の読み方を選びなさい。,が,よろこ,いわ,しゅく,0,賀は「が」と読みます
s8-q016,8,改,4,reading,「改」の読み方を選びなさい。,あらた,かい,か,なお,0,改は「あらた（める）」「かい」と読みます
s8-q017,8,械,4,reading,「械」の読み方を選びなさい。,かい,からくり,き,けい,0,械は「かい」と読みます
s8-q018,8,害,4,reading,「害」の読み方を選びなさい。,がい,そこ,わざわ,やぶ,0,害は「がい」と読みます
s8-q019,8,街,4,reading,「街」の読み方を選びなさい。,まち,がい,かい,とお,0,街は「まち」「がい」「かい」と読みます
s8-q020,8,各,4,reading,「各」の読み方を選びなさい。,おのおの,かく,こ,どれ,0,各は「おのおの」「かく」と読みます
s8-q021,8,印,4,bushu,「印」の部首の名前を選びなさい。,ふしづくり,いん,しるし,わ,0,印の部首は「ふしづくり」です
s8-q022,8,英,4,bushu,「英」の部首の名前を選びなさい。,くさかんむり,えい,はな,き,0,英の部首は「くさかんむり」です
s8-q023,8,栄,4,bushu,「栄」の部首の名前を選びなさい。,き,きへん,えい,さか,0,栄の部首は「き」です
s8-q024,8,塩,4,bushu,「塩」の部首の名前を選びなさい。,つち,つちへん,しお,えん,0,塩の部首は「つち」です
s8-q025,8,岡,4,bushu,「岡」の部首の名前を選びなさい。,やま,やまへん,おか,こう,0,岡の部首は「やま」です
s8-q026,8,加,4,bushu,「加」の部首の名前を選びなさい。,ちから,りき,くわ,か,0,加の部首は「ちから」です
s8-q027,8,芽,4,bushu,「芽」の部首の名前を選びなさい。,くさかんむり,め,が,き,0,芽の部首は「くさかんむり」です
s8-q028,8,改,4,bushu,「改」の部首の名前を選びなさい。,とまた,ぼくにょう,あらた,かい,0,改の部首は「とまた」です
s8-q029,8,栄,4,okurigana,「栄（　）」の正しい送り仮名を選びなさい。,える,え,やす,さかえ,0,栄えるが正解です
s8-q030,8,加,4,okurigana,「加（　）」の正しい送り仮名を選びなさい。,える,わる,わえて,えて,0,加えるが正解です
s8-q031,8,果,4,okurigana,「果（　）」の正しい送り仮名を選びなさい。,たす,てる,たして,たさない,0,果たすが正解です
s8-q032,8,改,4,okurigana,「改（　）」の正しい送り仮名を選びなさい。,める,まる,めて,まって,0,改めるが正解です
s8-q033,8,害,4,okurigana,「害（　）」の正しい送り仮名を選びなさい。,する,す,して,さない,0,害するが正解です
s8-q034,8,覚,4,okurigana,「覚（　）」の正しい送り仮名を選びなさい。,える,ます,えて,ますて,0,覚えるが正解です
s8-q035,8,加減,4,antonym,「加」の対義語を選びなさい。,減,引,除,退,0,加の反対は減です
s8-q036,8,完欠,4,antonym,「完」の対義語を選びなさい。,欠,不,未,半,0,完の反対は欠です
s8-q037,8,官民,4,antonym,「官」の対義語を選びなさい。,民,私,公,個,0,官の反対は民です
s8-q038,8,固軟,4,antonym,「固」の対義語を選びなさい。,軟,柔,緩,軽,0,固の反対は軟です
s8-q039,8,好悪,4,antonym,「好」の対義語を選びなさい。,悪,嫌,憎,悪,0,好の反対は悪です
s8-q040,8,康病,4,antonym,「康」の対義語を選びなさい。,病,健,弱,疾,0,康の反対は病です
s8-q041,8,かく,4,homophone,「かく」と読む漢字を選びなさい。文の意味に合うものを選びなさい。「（　）える。」,覚,角,各,格,0,覚えるの「覚」です
s8-q042,8,かん,4,homophone,「かん」と読む漢字を選びなさい。文の意味に合うものを選びなさい。「（　）全。」,完,完,官,間,0,完全の「完」です
s8-q043,8,かん,4,homophone,「かん」と読む漢字を選びなさい。文の意味に合うものを選びなさい。「（　）公庁。」,官,完,館,間,0,官公庁の「官」です
s8-q044,8,かん,4,homophone,「かん」と読む漢字を選びなさい。文の意味に合うものを選びなさい。「（　）理。」,管,完,官,間,0,管理の「管」です
s8-q045,8,かん,4,homophone,「かん」と読む漢字を選びなさい。文の意味に合うものを選びなさい。「（　）係。」,関,完,官,間,0,関係の「関」です
s8-q046,8,かん,4,homophone,「かん」と読む漢字を選びなさい。文の意味に合うものを選びなさい。「（　）察。」,観,完,官,間,0,観察の「観」です
s8-q047,8,加,4,compound,「加（　）」に入る漢字を選んで二字熟語を完成させなさい。,工,減,算,力,0,加工が正解です
s8-q048,8,果,4,compound,「果（　）」に入る漢字を選んで二字熟語を完成させなさい。,実,物,汁,樹,0,果実が正解です
s8-q049,8,改,4,compound,「改（　）」に入る漢字を選んで二字熟語を完成させなさい。,正,善,革,定,0,改正が正解です
s8-q050,8,観,4,compound,「観（　）」に入る漢字を選んで二字熟語を完成させなさい。,察,測,看,視,0,観察が正解です
s8-q051,8,がん,4,writing,「がん」を漢字で書いたものを選びなさい。,願,顔,頑,岸,0,願が正解です
s8-q052,8,き,4,writing,「き」を漢字で書いたものを選びなさい。,希,稀,紀,気,0,希が正解です
s8-q053,8,き,4,writing,「き」を漢字で書いたものを選びなさい。,季,紀,気,希,0,季が正解です
s8-q054,8,き,4,writing,「き」を漢字で書いたものを選びなさい。,紀,季,気,希,0,紀が正解です
s8-q055,8,とく,4,writing,「とく」を漢字で書いたものを選びなさい。,徳,得,德,督,0,徳が正解です
s8-q056,8,けん,4,writing,「県庁」の「けん」を漢字で書いたものを選びなさい。,県,懸,圏,券,0,県が正解です
s8-q057,8,ぐん,4,writing,「軍隊」の「ぐん」を漢字で書いたものを選びなさい。,軍,群,郡,君,0,軍が正解です
s8-q058,8,ぐん,4,writing,「郡部」の「ぐん」を漢字で書いたものを選びなさい。,郡,軍,群,君,0,郡が正解です
s8-q059,8,けい,4,writing,「けい」を漢字で書いたものを選びなさい。,径,経,系,計,0,径が正解です
s8-q060,8,けい,4,writing,「けい」を漢字で書いたものを選びなさい。,型,形,刑,系,0,型が正解です
s8-q061,8,けい,4,writing,「けい」を漢字で書いたものを選びなさい。,景,影,警,敬,0,景が正解です
s8-q062,8,げい,4,writing,「げい」を漢字で書いたものを選びなさい。,芸,藝,迎,鯨,0,芸が正解です
s8-q063,8,けつ,4,writing,「欠席」の「けつ」を漢字で書いたものを選びなさい。,欠,決,血,穴,0,欠が正解です
s8-q064,8,けつ,4,writing,「結果」の「けつ」を漢字で書いたものを選びなさい。,結,決,血,穴,0,結が正解です
s9-q001,9,初,4,reading,「初」の読み方を選びなさい。,しょ,そ,じょ,し,0,初は「しょ」「はじ（め）」と読みます
s9-q002,9,松,4,reading,「松」の読み方を選びなさい。,しょう,そう,まつ,まち,0,松は「しょう」「まつ」と読みます
s9-q003,9,笑,4,reading,「笑」の読み方を選びなさい。,しょう,そう,わら,え,0,笑は「しょう」「わら（う）」「え（む）」と読みます
s9-q004,9,唱,4,reading,「唱」の読み方を選びなさい。,しょう,そう,うた,とな,0,唱は「しょう」「とな（える）」と読みます
s9-q005,9,焼,4,reading,「焼」の読み方を選びなさい。,しょう,そう,や,こ,0,焼は「しょう」「や（く）」と読みます
s9-q006,9,照,4,reading,「照」の読み方を選びなさい。,しょう,そう,て,ひか,0,照は「しょう」「て（る）」「て（らす）」と読みます
s9-q007,9,城,4,reading,「城」の読み方を選びなさい。,じょう,しょう,しろ,き,0,城は「じょう」「しろ」と読みます
s9-q008,9,縄,4,reading,「縄」の読み方を選びなさい。,じょう,しょう,なわ,ひも,0,縄は「じょう」「なわ」と読みます
s9-q009,9,臣,4,reading,「臣」の読み方を選びなさい。,しん,じん,み,おみ,0,臣は「しん」「じん」と読みます
s9-q010,9,信,4,reading,「信」の読み方を選びなさい。,しん,じん,のぶ,まこと,0,信は「しん」と読みます
s9-q011,9,井,4,reading,「井」の読み方を選びなさい。,せい,しょう,い,ゆう,0,井は「せい」「い」と読みます
s9-q012,9,成,4,reading,「成」の読み方を選びなさい。,せい,しょう,な,でき,0,成は「せい」「な（る）」と読みます
s9-q013,9,省,4,reading,「省」の読み方を選びなさい。,せい,しょう,かえり,はぶ,0,省は「しょう」「せい」「かえり（みる）」「はぶ（く）」と読みます
s9-q014,9,清,4,reading,「清」の読み方を選びなさい。,せい,しょう,きよ,すが,0,清は「せい」「しょう」「きよ（い）」と読みます
s9-q015,9,静,4,reading,「静」の読み方を選びなさい。,せい,しょう,しず,おだ,0,静は「せい」「じょう」「しず（か）」と読みます
s9-q016,9,席,4,reading,「席」の読み方を選びなさい。,せき,しょく,むしろ,せい,0,席は「せき」と読みます
s9-q017,9,積,4,reading,「積」の読み方を選びなさい。,せき,しょく,つ,かさ,0,積は「せき」「つ（む）」「つ（もる）」と読みます
s9-q018,9,折,4,reading,「折」の読み方を選びなさい。,せつ,しょう,お,た,0,折は「せつ」「お（る）」「お（れる）」と読みます
s9-q019,9,節,4,reading,「節」の読み方を選びなさい。,せつ,しょう,ふし,みさお,0,節は「せつ」「せち」「ふし」と読みます
s9-q020,9,説,4,reading,「説」の読み方を選びなさい。,せつ,しょう,と,ゆい,0,説は「せつ」「ぜい」「と（く）」と読みます
s9-q021,9,初,4,bushu,「初」の部首を選びなさい。,りっとう,はねぼう,のごめへん,ころもへん,0,初の部首は「りっとう（刀）」です
s9-q022,9,松,4,bushu,「松」の部首を選びなさい。,きへん,のぎへん,くさかんむり,たけかんむり,0,松の部首は「きへん（木）」です
s9-q023,9,笑,4,bushu,「笑」の部首を選びなさい。,たけかんむり,くさかんむり,うかんむり,あなかんむり,0,笑の部首は「たけかんむり（竹）」です
s9-q024,9,焼,4,bushu,「焼」の部首を選びなさい。,ひへん,れんが,さんずい,にすい,0,焼の部首は「ひへん（火）」です
s9-q025,9,城,4,bushu,「城」の部首を選びなさい。,つちへん,きへん,いとへん,てへん,0,城の部首は「つちへん（土）」です
s9-q026,9,縄,4,bushu,「縄」の部首を選びなさい。,いとへん,てへん,きへん,のぎへん,0,縄の部首は「いとへん（糸）」です
s9-q027,9,信,4,bushu,「信」の部首を選びなさい。,にんべん,ぎょうにんべん,りっしんべん,さんずい,0,信の部首は「にんべん（人）」です
s9-q028,9,清,4,bushu,「清」の部首を選びなさい。,さんずい,にすい,ひへん,にんべん,0,清の部首は「さんずい（水）」です
s9-q029,9,笑,4,okurigana,「笑（　）」の送り仮名を選びなさい。,わら・う,え・む,わら・い,しょ・う,0,笑うは「わら（う）」と送り仮名をつけます
s9-q030,9,焼,4,okurigana,「焼（　）」の送り仮名を選びなさい。,や・く,こ・げる,しょ・う,も・える,0,焼くは「や（く）」と送り仮名をつけます
s9-q031,9,照,4,okurigana,「照（　）」の送り仮名を選びなさい。,て・る,ひか・る,しょ・う,あか・るい,0,照るは「て（る）」と送り仮名をつけます
s9-q032,9,成,4,okurigana,「成（　）」の送り仮名を選びなさい。,な・る,でき・る,せい,た・つ,0,成るは「な（る）」と送り仮名をつけます
s9-q033,9,清,4,okurigana,「清（　）」の送り仮名を選びなさい。,きよ・い,あお・い,せい,すず・しい,0,清いは「きよ（い）」と送り仮名をつけます
s9-q034,9,静,4,okurigana,「静（　）」の送り仮名を選びなさい。,しず・か,おだ・やか,せい,しず・まる,0,静かは「しず（か）」と送り仮名をつけます
s9-q035,9,折,4,okurigana,「折（　）」の送り仮名を選びなさい。,お・る,お・れる,せつ,たた・む,0,折るは「お（る）」と送り仮名をつけます
s9-q036,9,説,4,okurigana,「説（　）」の送り仮名を選びなさい。,と・く,い・う,はな・す,せつ,0,説くは「と（く）」と送り仮名をつけます
s9-q037,9,初末,4,antonym,「初」の対義語を選びなさい。,末,先,中,後,0,初（はじめ）の対義語は末（すえ）です
s9-q038,9,静動,4,antonym,「静」の対義語を選びなさい。,動,走,急,騒,0,静（しず）の対義語は動（どう）です
s9-q039,9,清濁,4,antonym,「清」の対義語を選びなさい。,濁,汚,白,黒,0,清（きよ）の対義語は濁（にご）です
s9-q040,9,省略,4,antonym,「省」の対義語を選びなさい。,略,加,増,広,1,この対義語は「略（りゃく）」ではなく、省略の反対は「詳細（しょうさい）」ですが選択肢の中では加（か）が最も近いです
s9-q041,9,積消,4,antonym,「積」の反対の意味を持つ漢字を選びなさい。,消,増,減,除,0,積（つむ）の反対は消（けす）です
s9-q042,9,節分,4,antonym,「節」と反対の意味を持つ漢字を選びなさい。,分,合,離,全,0,節（ふし）の対義語は分（ぶん）です
s9-q043,9,しょう,4,homophone,「しょう」と読む漢字を選びなさい。文の意味に合うものを選びなさい。,省,青,正,生,0,省は「しょう」と読みます
s9-q044,9,せい,4,homophone,「せい」と読む漢字を選びなさい。文の意味に合うものを選びなさい。,静,正,生,星,0,静は「せい」と読みます
s9-q045,9,せい,4,homophone,「せい」と読む漢字を選びなさい。文の意味に合うものを選びなさい。,清,青,正,生,0,清は「せい」と読みます
s9-q046,9,せつ,4,homophone,「せつ」と読む漢字を選びなさい。文の意味に合うものを選びなさい。,折,雪,説,切,0,折は「せつ」と読みます
s9-q047,9,せつ,4,homophone,「せつ」と読む漢字を選びなさい。文の意味に合うものを選びなさい。,節,雪,説,切,0,節は「せつ」と読みます
s9-q048,9,せつ,4,homophone,「せつ」と読む漢字を選びなさい。文の意味に合うものを選びなさい。,説,雪,節,切,0,説は「せつ」と読みます
s9-q049,9,初,4,compound,「初（　）」に入る漢字を選んで二字熟語を完成させなさい。,初日出,新出発,始発点,開始式,0,初日出が正解です
s9-q050,9,松,4,compound,「松（　）」に入る漢字を選んで二字熟語を完成させなさい。,松竹梅,梅竹桜,竹林園,松木林,0,松竹梅が正解です
s9-q051,9,大,4,compound,「大（　）」に入る漢字を選んで二字熟語を完成させなさい。,大笑出,笑顔満,笑声高,満面笑,0,大笑出が正解です
s9-q052,9,大,4,compound,「大（　）」に入る漢字を選んで二字熟語を完成させなさい。,大都市,大都会,首都圏,中都市,0,大都市が正解です
s9-q053,9,しん,4,writing,「しん」を漢字で書いたものを選びなさい。,臣,申,伸,新,0,臣（しん）は大臣などに使います
s9-q054,9,しょ,4,writing,「しょ」を漢字で書いたものを選びなさい。,初,書,署,所,0,初（しょ）は最初などに使います
s9-q055,9,しょう,4,writing,「しょう」を漢字で書いたものを選びなさい。,唱,昌,章,商,0,唱（しょう）は唱えるに使います
s9-q056,9,じょう,4,writing,「じょう」を漢字で書いたものを選びなさい。,城,場,上,常,0,城（じょう）は城下町などに使います
s9-q057,9,なわ,4,writing,「なわ」を漢字で書いたものを選びなさい。,縄,縛,網,綱,0,縄（なわ）は縄跳びなどに使います
s9-q058,9,せい,4,writing,「せい」を漢字で書いたものを選びなさい。,井,声,生,正,0,井（せい）は井戸などに使います
s9-q059,9,せき,4,writing,「せき」を漢字で書いたものを選びなさい。,席,積,石,昔,0,席（せき）は座席などに使います
s9-q060,9,しょう,4,writing,「しょう」を漢字で書いたものを選びなさい。,照,昌,章,商,0,照（しょう）は照明などに使います
s9-q061,9,しん,4,writing,「しん」を漢字で書いたものを選びなさい。,信,伸,申,真,0,信（しん）は信用などに使います
s9-q062,9,せい,4,writing,「省略」の「せい」を漢字で書いたものを選びなさい。,省,正,生,声,0,省（せい）は反省などに使います
s9-q063,9,せき,4,writing,「面積」の「せき」を漢字で書いたものを選びなさい。,積,席,石,昔,0,積（せき）は面積などに使います
s9-q064,9,せつ,4,writing,「せつ」を漢字で書いたものを選びなさい。,節,切,雪,説,0,節（せつ）は季節などに使います
s10-q001,10,浅,4,reading,「浅」の読み方を選びなさい。,せん,しょう,あさ,うす,0,浅は「せん」「あさ（い）」と読みます
s10-q002,10,然,4,reading,「然」の読み方を選びなさい。,ぜん,ねん,しか,もえ,0,然は「ぜん」「ねん」と読みます
s10-q003,10,争,4,reading,「争」の読み方を選びなさい。,そう,しょう,あらそ,たたか,0,争は「そう」「あらそ（う）」と読みます
s10-q004,10,倉,4,reading,「倉」の読み方を選びなさい。,そう,ぞう,くら,いえ,0,倉は「そう」「くら」と読みます
s10-q005,10,巣,4,reading,「巣」の読み方を選びなさい。,そう,す,すみか,やど,0,巣は「そう」「す」と読みます
s10-q006,10,側,4,reading,「側」の読み方を選びなさい。,そく,しょく,がわ,かた,0,側は「そく」「がわ」と読みます
s10-q007,10,束,4,reading,「束」の読み方を選びなさい。,そく,しょく,たば,しば,0,束は「そく」「たば」と読みます
s10-q008,10,続,4,reading,「続」の読み方を選びなさい。,ぞく,そく,つづ,つら,0,続は「ぞく」「つづ（く）」と読みます
s10-q009,10,卒,4,reading,「卒」の読み方を選びなさい。,そつ,しゅう,お,しもべ,0,卒は「そつ」と読みます
s10-q010,10,孫,4,reading,「孫」の読み方を選びなさい。,そん,しん,まご,こ,0,孫は「そん」「まご」と読みます
s10-q011,10,帯,4,reading,「帯」の読み方を選びなさい。,たい,だい,お,おび,0,帯は「たい」「おび」「お（びる）」と読みます
s10-q012,10,隊,4,reading,「隊」の読み方を選びなさい。,たい,だい,くみ,ぐん,0,隊は「たい」と読みます
s10-q013,10,達,4,reading,「達」の読み方を選びなさい。,たつ,だつ,たち,ども,0,達は「たつ」「だち」と読みます
s10-q014,10,単,4,reading,「単」の読み方を選びなさい。,たん,だん,ひとえ,ひと,0,単は「たん」と読みます
s10-q015,10,置,4,reading,「置」の読み方を選びなさい。,ち,じ,お,す,0,置は「ち」「お（く）」と読みます
s10-q016,10,仲,4,reading,「仲」の読み方を選びなさい。,ちゅう,じゅう,なか,あいだ,0,仲は「ちゅう」「なか」と読みます
s10-q017,10,貯,4,reading,「貯」の読み方を選びなさい。,ちょ,じょ,た,つみ,0,貯は「ちょ」と読みます
s10-q018,10,兆,4,reading,「兆」の読み方を選びなさい。,ちょう,じょう,きざ,しる,0,兆は「ちょう」「きざ（す）」と読みます
s10-q019,10,腸,4,reading,「腸」の読み方を選びなさい。,ちょう,じょう,はらわた,わた,0,腸は「ちょう」と読みます
s10-q020,10,低,4,reading,「低」の読み方を選びなさい。,てい,じょう,ひく,さが,0,低は「てい」「ひく（い）」と読みます
s10-q021,10,浅,4,bushu,「浅」の部首を選びなさい。,さんずい,にすい,ひへん,にんべん,0,浅の部首は「さんずい（水）」です
s10-q022,10,争,4,bushu,「争」の部首を選びなさい。,つめかんむり,うかんむり,わかんむり,あなかんむり,0,争の部首は「つめかんむり」です
s10-q023,10,倉,4,bushu,「倉」の部首を選びなさい。,にんべん,ひとやね,うかんむり,ひとあし,0,倉の部首は「にんべん（人）」です
s10-q024,10,巣,4,bushu,「巣」の部首を選びなさい。,きへん,すんづくり,いとへん,やまへん,0,巣の部首は「きへん（巛）」ですが、実際は「巛（まがりがわ、かわ）」が正しい部首です
s10-q025,10,側,4,bushu,「側」の部首を選びなさい。,にんべん,ぎょうにんべん,りっしんべん,てへん,0,側の部首は「にんべん（人）」です
s10-q026,10,続,4,bushu,「続」の部首を選びなさい。,いとへん,てへん,きへん,のぎへん,0,続の部首は「いとへん（糸）」です
s10-q027,10,帯,4,bushu,「帯」の部首を選びなさい。,はば,きんべん,いとへん,ころもへん,0,帯の部首は「はば（巾）」です
s10-q028,10,達,4,bushu,「達」の部首を選びなさい。,しんにょう,えんにょう,ぎょうにんべん,そうにょう,0,達の部首は「しんにょう（辶）」です
s10-q029,10,浅,4,okurigana,「浅（　）」の送り仮名を選びなさい。,あさ・い,うす・い,せん,ふか・い,0,浅いは「あさ（い）」と送り仮名をつけます
s10-q030,10,争,4,okurigana,「争（　）」の送り仮名を選びなさい。,あらそ・う,きそ・う,そう,たたか・う,0,争うは「あらそ（う）」と送り仮名をつけます
s10-q031,10,続,4,okurigana,「続（　）」の送り仮名を選びなさい。,つづ・く,つら・なる,ぞく,つな・ぐ,0,続くは「つづ（く）」と送り仮名をつけます
s10-q032,10,置,4,okurigana,「置（　）」の送り仮名を選びなさい。,お・く,す・える,ち,いだ・く,0,置くは「お（く）」と送り仮名をつけます
s10-q033,10,兆,4,okurigana,「兆（　）」の送り仮名を選びなさい。,きざ・す,あらわ・れる,ちょう,しめ・す,0,兆すは「きざ（す）」と送り仮名をつけます
s10-q034,10,低,4,okurigana,「低（　）」の送り仮名を選びなさい。,ひく・い,さが・る,てい,やす・い,0,低いは「ひく（い）」と送り仮名をつけます
s10-q035,10,停,4,okurigana,「停（　）」の送り仮名を選びなさい。,と・まる,とど・まる,てい,や・む,0,停まるは「と（まる）」と送り仮名をつけます
s10-q036,10,底,4,okurigana,「底（　）」の送り仮名を選びなさい。,そこ,した,てい,もと,0,底は「そこ」と読みます
s10-q037,10,浅深,4,antonym,「浅」の対義語を選びなさい。,深,厚,高,濃,0,浅（あさ）の対義語は深（ふか）です
s10-q038,10,単複,4,antonym,「単」の対義語を選びなさい。,複,多,重,混,0,単（たん）の対義語は複（ふく）です
s10-q039,10,低高,4,antonym,「低」の対義語を選びなさい。,高,厚,上,強,0,低（てい）の対義語は高（こう）です
s10-q040,10,停続,4,antonym,「停」の対義語を選びなさい。,続,進,動,走,0,停（てい）の対義語は続（ぞく）です
s10-q041,10,底頂,4,antonym,「底」の対義語を選びなさい。,頂,上,天,先,0,底（てい）の対義語は頂（ちょう）です
s10-q042,10,争和,4,antonym,「争」の対義語を選びなさい。,和,平,静,黙,0,争（そう）の対義語は和（わ）です
s10-q043,10,たん,4,homophone,「たん」と読む漢字を選びなさい。文の意味に合うものを選びなさい。,単,反,短,端,0,単は「たん」と読みます
s10-q044,10,ちょう,4,homophone,「ちょう」と読む漢字を選びなさい。文の意味に合うものを選びなさい。,兆,超,朝,長,0,兆は「ちょう」と読みます
s10-q045,10,ちょう,4,homophone,「ちょう」と読む漢字を選びなさい。文の意味に合うものを選びなさい。,腸,超,朝,長,0,腸は「ちょう」と読みます
s10-q046,10,てい,4,homophone,「てい」と読む漢字を選びなさい。文の意味に合うものを選びなさい。,低,泥,底,庭,0,低は「てい」と読みます
s10-q047,10,てい,4,homophone,「てい」と読む漢字を選びなさい。文の意味に合うものを選びなさい。,停,泥,底,庭,0,停は「てい」と読みます
s10-q048,10,てい,4,homophone,「てい」と読む漢字を選びなさい。文の意味に合うものを選びなさい。,底,泥,低,庭,0,底は「てい」と読みます
s10-q049,10,大,4,compound,「大（　）」に入る漢字を選んで二字熟語を完成させなさい。,大争点,争奪戦,争覇戦,争議中,0,大争点が正解です
s10-q050,10,地,4,compound,「地（　）」に入る漢字を選んで二字熟語を完成させなさい。,地下鉄,地下道,下地線,地面上,0,地下鉄が正解です
s10-q051,10,低,4,compound,「低（　）」に入る漢字を選んで二字熟語を完成させなさい。,低気圧,高気圧,低圧力,気低下,0,低気圧が正解です
s10-q052,10,人,4,compound,「人（　）」に入る漢字を選んで二字熟語を完成させなさい。,人口増,人口減,口人増,増人数,0,人口増が正解です
s10-q053,10,ぜん,4,writing,「ぜん」を漢字で書いたものを選びなさい。,然,前,全,善,0,然（ぜん）は自然などに使います
s10-q054,10,そう,4,writing,「そう」を漢字で書いたものを選びなさい。,倉,曹,層,早,0,倉（そう）は倉庫などに使います
s10-q055,10,そう,4,writing,「そう」を漢字で書いたものを選びなさい。,巣,曹,層,早,0,巣（そう）は巣箱などに使います
s10-q056,10,そく,4,writing,「そく」を漢字で書いたものを選びなさい。,束,速,則,足,0,束（そく）は約束などに使います
s10-q057,10,ぞく,4,writing,「ぞく」を漢字で書いたものを選びなさい。,続,俗,族,属,0,続（ぞく）は継続などに使います
s10-q058,10,そつ,4,writing,「そつ」を漢字で書いたものを選びなさい。,卒,率,族,速,0,卒（そつ）は卒業などに使います
s10-q059,10,たい,4,writing,「たい」を漢字で書いたものを選びなさい。,帯,待,体,対,0,帯（たい）は地帯などに使います
s10-q060,10,たい,4,writing,「たい」を漢字で書いたものを選びなさい。,隊,待,体,対,0,隊（たい）は部隊などに使います
s10-q061,10,たつ,4,writing,「たつ」を漢字で書いたものを選びなさい。,達,竜,立,建,0,達（たつ）は配達などに使います
s10-q062,10,ち,4,writing,「ち」を漢字で書いたものを選びなさい。,置,地,知,池,0,置（ち）は位置などに使います
s10-q063,10,ちょ,4,writing,「ちょ」を漢字で書いたものを選びなさい。,貯,著,緒,諸,0,貯（ちょ）は貯金などに使います
s10-q064,10,てい,4,writing,「低下」の「てい」を漢字で書いたものを選びなさい。,低,底,停,庭,0,低（てい）は低下などに使います
